Job Title,Job Rating,Time,Job Status,Pros,Cons,Company_Name
Business development representative (bdr),5.0,2024-11-02,"Current employee, more than 3 years","great team, great pay, great offices","Sales team goot toxic, bad management",Bolt
Solutions engineer,2.0,2025-06-26,"Former employee, more than 1 year",New CEO might improve things,Lack of direction and too many managers who do nothing,Bolt
Senior software engineer,4.0,2025-02-04,"Former employee, more than 1 year",Decent place and great coworkers.,Leadership needs to do more.,Bolt
Anonymous employee,4.0,2025-01-16,Current employee,Good work place and people,"Hard work, would do again",Bolt
Revenue operations analyst,3.0,2024-11-10,"Former employee, less than 1 year",An incredible culture filled with amazing individuals who foster collaboration and creativity.,"The organization has experienced frequent changes in upper management, leading to a lack of stability and direction. This uncertainty is compounded by regular layoffs that create an atmosphere of tension and insecurity among employees.",Bolt
People leader,5.0,2024-07-24,"Current employee, more than 1 year","Bolt has a big vision, bringing frictionless shopping experiences to millions of shoppers worldwide by allowing shoppers to be recognized. The people at Bolt are highly motivated and exceptional to work with.","Bolt is still a startup, and pivots are frequent. We do a lot of experimentation and are aggressively trying to find our way to scale. If this sounds a little too uncomfortable, we may recognize it may not be the best environment for every personality.",Bolt
Senior recruiter,5.0,2024-07-23,"Current employee, less than 1 year","Interviewing with Bolt consisted of 45 conversations with leaders and stakeholders I'd be working alongside on a daily basis/supporting. Interviewers were engaging and it was a very positive experience overall. Once hired, onboarding took about 12 weeks and was very organized. Had more than enough support in terms of both materials and colleagues to get up to speed on Bolt's product, culture, etc. Pay and benefits are strong  company is remotefirst, Pay is competitive at/above industry average, and benefits are in alignment with other tech companies in the space. Despite previous restructures and changes in the organization the last few years, leaders are/have been transparent about the changes, the reasons behind them, and the vision/plan for Bolt moving forward. Product is interesting and a disrupter in the ecommerce space. You'll have the opportunity to work on/support the development of a product that supports well known brands everyone knows which is cool. There have been changes in leadership recently, and as a new hire, it seems from both a company vision/GTM strategy, as well as an employee morale standpoint, they are for the better. Individual contributors and leaders alike are aligned on the vision for the company and the product moving forward and are making a concerted effort to create a culture of more communication, transparency, and openness within all aspects of the organization. Definitely a startup culture where they prioritize hiring individuals who are able to/enjoy working autonomously, are strong culture builders, optimistic, and take ownership and accountability on the work they contribute. While there are more than enough systems/processes put in place, you also will have the opportunity to create processes from scratch or iterate on them. This may not be for everyone, but if you enjoy working in a high growth/scrappy startup environment, you will likely enjoy the type of work you get to do here.","Because of the multiple changes that have been made in the last 612 months, there may be some people that may not be aligned with the new vision/strategy of the company or new leadership moving forward. That being said, leadership has made a concerted effort to address this misalignment head on and have candid conversations about the future rather than not addressing people's apprehensions. From everything I've seen, department leaders and the executive team have taken a very humanistic approach to addressing people's concerns, and you can/will be heard and seen as a valued member of the Bolt organization.",Bolt
Account manager,4.0,2024-11-03,Current employee,Salary and work environment are great,Lots of overtime and not much vacations,Bolt
Revenue operations,3.0,2024-08-21,"Former employee, more than 3 years",Great perks for both in office and remote employees Smart people with a passion to collaborate with one another,"Management was very secretive of process and what was happening. Also, leaders didn't always support their team. Layoffs several times a year.",Bolt
Software engineer,1.0,2024-09-18,"Former employee, more than 1 year",Compensation is reasonable if you are not in Bay Area,"Not a week goes by without news of some drama about financing or a lawsuit by a customer. Most of the time, we hear about it from public news rather than being transparent internally. Very difficult to focus on work, keep good talent, or even attract customers.",Bolt
Risk analyst,2.0,2024-10-01,"Current employee, more than 1 year",Flexible hours and decent pay,Upper leadership was unstable. There were may changes made to the team last minute and it can be stressful,Bolt
Ops manager,2.0,2024-10-03,Former employee,Salary is the only one,Everything besides salary is it,Bolt
Business development,5.0,2024-07-23,"Current employee, less than 1 year",New CEO with a bold vision Great teamOpportunity to solve challenging problems and tremendous potential to differentiate and create value in the ecommerce space,Things can appear to be chaotic at timesMaking progress on focus and alignment,Bolt
Partnerships,4.0,2024-07-19,"Current employee, less than 1 year",Ability to revolutionize commerce and drive strategy. Fast paced and strong group of people who are great to work with.,Frequent shifts in strategy to find product market fit,Bolt
Communications manager,5.0,2024-08-19,"Current employee, more than 3 years","Good cash comp; finally some engaged, empathetic leadership","It's been a tough ride with lots of layoffs, executive changes, and challenges",Bolt
Director of corporate strategy,4.0,2024-06-18,"Former employee, more than 1 year","20192022 was amazing benefits, comp, upside. Since then....",four day weeks was not enough to do high impact work,Bolt
Senior gtm manager,2.0,2024-06-21,Former employee,Salary align with market4 Day Week,"Every other aspect of the role, especially leadership.",Bolt
Business development manager,1.0,2024-06-06,"Former employee, more than 3 years",They spend a lot of money on swag and retreats for leadership,This place is a mess. Poor leadership. Delusional goals. Focus on raising money instead of building a quality product.,Bolt
Tech,1.0,2024-06-24,"Former employee, more than 3 years",Direct team members at the IC level are great,"Like other people have said, everything else  especially leadership.",Bolt
Technical support engineer,3.0,2024-01-18,Current employee,"Bolt really has been one of my favorite jobs, however, it is difficult to look past the issues with the product. The product works, and for the most part it works well, however there are so many players in this space it is hard to find product market fit.",Constantly shifting priorities leads to many rounds of layoffs. Sometimes it feels like you are just surviving the current round.,Bolt
Individual contributor,1.0,2023-01-23,"Current employee, more than 3 years", Great team members  lower level managers and team leads have been great on the teams I have been on  4 day work week," The company is in the process of running out of money, so there are regular layoffs, departures, etc.  Stock isn't worth anything, so comp isn't competitive.  Moral is pretty low and most people are trying to leave or have already left.  Some teams have lost too many people and are chronically understaffed relative to the workload.  Leadership team is incredibly incompetent with only 1 or 2 exceptions like Shilpi on CE  I would strongly recommend people not join at this point. While I don't regret joining this company and the time I spent here, I don't think it's a good idea to take a job at a startup that will have to sell or go out of business within the next year to 2 years. We're still probably 10x the headcount our revenue could actually support.",Bolt
Data scientist,5.0,2024-03-11,Former employee,4 day work week was good,Move too fast and leadership was not good,Bolt
It engineer,3.0,2024-03-05,"Former employee, more than 1 year",Good people took with. Good benefits.,Pivots every week on priorities. No stability,Bolt
Software engineer i,4.0,2024-02-22,"Former employee, more than 1 year", coworkers work perks, leadership productmarket fit,Bolt
Sales,3.0,2024-01-31,Former employee,Very nice compensation structure at first,Poor leadership direction changed all the time,Bolt
Engineering,4.0,2023-11-08,"Current employee, more than 1 year",You will get to build and iterate fast on super interesting concepts for the future of ecommerce.,One heck of a ride,Bolt
Account executive,2.0,2023-10-16,"Former employee, more than 1 year",The pay was the best part about this job.,"There was no direction, no transparency from leadership, and no opportunities to grow.",Bolt
Gtm,2.0,2023-10-24,"Current employee, more than 1 year","Interesting work. Able to work on a variety of products across the payments, fraud, and identity spaces.",Has struggled to find a product market fit or to learn from past mistakes.,Bolt
Product operations manager,3.0,2023-11-09,Former employee,"Great team, lots of smart people","Leadership needs improvement, lots of costcutting and changes",Bolt
Sre engineer,4.0,2023-10-22,Former employee,Team unity was great at Bolt,"Often changing directions, and had to throw away many projects.",Bolt
Department lead,5.0,2023-05-17,"Current employee, less than 1 year"," 4day work week  Supportive manager  Total autonomy in my role  Smart, supportive team  Founder mentality + the freedom to try new things","While the company had a rough 2022, Bolt has completely transformed in 2023. I think overall sentiment may vary across departments, but I have absolutely loved my experience so far! Only a few cons, but hopefully these will change soon:  No 401k matching  As the company hasn't gone public or been acquired, the RSUs aren't worth much",Bolt
Senior data analyst,5.0,2023-08-23,"Former employee, more than 1 year",Hiring great talents. Great work life Balance. Salary is competitive and 4 day work week is great.,"Due to economic environment, not very stable.",Bolt
Machine learning engineer,1.0,2023-08-01,"Former employee, more than 3 years",4 day work week is nice. Some of the old timer people are very helpful but a lot of the recent additions are not,"Aggressively rude culture. Lots of backstabbing in infighting between groups as rev # are not that big, everyone wants a piece of something",Bolt
Operations manager,5.0,2023-07-06,"Former employee, more than 1 year","Flexibility, ownership, compensation, culture, benefits, career advancement, recognition of good work",Struggle to find product market fit,Bolt
Associate,4.0,2023-06-23,Former employee,not bad and helpful and fair,need more training for both employees and managers,Bolt
Product designer,5.0,2019-11-23,"Current employee, less than 1 year"," I work with people who constantly make me feel energized to do the best I can. There are so many different personalities on the team but everyone is so driven and extremely competent. They are by far the brightest and funniest people I've ever worked with.  Even though the company is full of very young and ambitious people, there really isn't a tech bro culture you would see at many other rising startups in the bay area. Extremely ownership and autonomy is highly encouraged here.  Leadership is highly transparent and you can tell they make it a priority to keep their doors open for any feedback and thoughts. Very competitive comp package and benefits. But besides financial incentives, I truly feel taken care of by the company and everyone on the team on a day to day basis."," The level of autonomy people function with is not for everyone. If you're not a selfstarter and an independent thinker, I can imagine it'd feel challenging to get things done.  Hiring is difficult because the combination of skills & a specific type of fire we look for in people is hard to come by. But that's also what makes the team so great.",Bolt
Sales associate,5.0,2023-04-10,Current employee,Great perks dont have any cons,Can be tough to work at a fastgrowing startup but it can also be exciting.,Bolt
"Director, employee experience",5.0,2021-05-24,"Current employee, less than 1 year"," It's my first week here but already feel incredibly welcomed. I've been impressed and more quickly acclimated by a super robust onboarding and all the Culture Meetings too Firedsides, Affinity Group Events, etc.. Am learning about the benefits of Bolt's value of writing over talking. I've been at other startups and this is by far the most organized, the most accountable, the quickest and the most transparent. I, even from the interview process, feel like I can be myself here. Bolt encourages uniqueness and celebrating our team all parts of us, and I'm happy that there's less posturing that people don't seem fake/political/gameplaying at work and more genuine openness and realness. Bolt truly believes in the value of doing right by, and supporting, all the teammates. So far it seems like the company has prioritized various efforts, services and perks to help employees have a better work experience I'm obviously biased, but I think that's hugely important."," Bolt is still a startup, and feels like one for better but also for worse in some cases. I feel confident that the company will keep finetuning processes and policies, but everyone who joins will have to bring their proactiveness, creativity and a little patience to the table.",Bolt
Manager,3.0,2023-04-13,Former employee,Nice and smart plus 4 day week,Chaos in decision making constantly,Bolt
Talent,5.0,2019-08-07,"Current employee, less than 1 year"," The product is unbeatable. Not only is it a needtohave, but there's also a mission driven component to stopping fraud and empowering merchants. It's a winwin for everyone. Our culture is genuine, and even though we have some of the smartest people in FinTech working here, there's no egos. People are just excited to drive the needle, which every person has the ability to do! Playbooks and processes are either already built out or are in the process of being built out.  This makes scaling a startup way more efficient, and is a big reason we've been able to grow as fast as we have.  Autonomy!! You are the CEO of your desk and are expected to deliver. The amount of trust we are given is motivating in itself.  We live by our values, and have great values in place. Flexible hours to allow a work life balance. If you want to take a workout class midday, you can.  On that note, we have the best benefits, including gym, commute, phone, lunch/afternoon coffee, and company happy hours to name a few."," Not really a con, but we have a self onboarding process. On one hand, self onboarding goes WAY faster because you can power through the tasks in a couple days. On the other hand, if you're a visual learner or if you prefer classroomstyle tutorials, it will take longer for the information to stick. Just something to keep in mind.",Bolt
User researcher,3.0,2023-03-07,Former employee,4 day work week great people,fast paced unorganized seems that they are running out of runway,Bolt
Special projects associate,5.0,2020-08-18,"Current employee, more than 1 year","I've been working at Bolt for over a year. I can't stress enough about how much I've learned during my time at Bolt. It's been quite the journey, and with each quarter, I continue to work on new projects, iterate, and drive success within Bolt. There are many pros to being here.I'd say the best thing about Bolt is the collaboration. I work across multiple teams and I love the personal connection and great work relationships I've built. I'd say most of the people I work with are great to work with and genuinely want what's best for Bolt.I am not one to take vacation or sick days, but my manager always asks about how I’m feeling and how things are going and always recommends time off and taking time for myself. Super appreciative of this and I have taken a few days off, and Bolt strongly recommends absolutely no work during these days which is great. You’re able to really unplug.Lastly, I’d say that Bolt is a great place to work. If you want to succeed and grow and learn, you are able to. There’s hard work wherever you look, but it’s all worth it. I enjoy my role and the impact of the projects I’m given. I look to continue to learn during my time here.","This is a tough one, I don't think I have explicit cons, especially with my team and role. Coronavirus is definitely a huge con here, as the worklife balance is less concrete.",Bolt
Recruiter,3.0,2019-05-16,"Former employee, less than 1 year","startup fun, young atmospherecompany buys lunch every dayvery cool product, exciting value prop","elitist and judgmental The company is very young. The people are smart, but there's a huge lack of life and career experienceNot sure if they still do it, but when I was there they would post an announcement in slack every time a person was termed, to publicly announce why that person wasn't good enough and is no longer there, and to remind everyone of what they shouldn't do felt like bullying They emphasize hiring for culture, but fail to recognize that diversity exists beyond people looking differently or coming from a variety of demographics, but actually encompasses the ability to think differently too. They are at risk of hiring a bunch of people who all think the same way, which sadly kills diversity.",Bolt
Customer experience,5.0,2019-12-26,"Current employee, more than 1 year"," Smart, collaborative people and an excellent executive leadership team Great market opportunity and strong company growth potential Anybody at the company can have outsize impact Cultural norms and tooling allow for teams and individuals to easily provide feedback positive & constructive to one another, and feedback is nearly always given appropriate consideration regardless of who is giving the feedback to whom.  Solid pay & benefits compared to companies of similar size and funding","Like many highgrowth startups, the environment is fastpaced, change is regular, everybody has a lot on their plate, and some parts of the organization are more mature in their processes and decisionmaking than others.  To that end, being successful at Bolt requires you to: Be highly thoughtful about what is a priority and what can be accomplished over a specific time frame, and be comfortable saying ""no"" to projects or goals that are unrealistic or not yet a priority.  Take time to build foundations, organizing information & data so that team members can make decisions quickly and then disseminate information about those decisions to key stakeholders with high efficiency.Currently, not every team or every individual makes the time to do the above on a regular basis, which can result in friction between teams and individuals. However, over the course of my time at the company, people have improved in these regards significantly and I have little doubt that we will only get better as time goes on.",Bolt
Senior android engineer,4.0,2022-11-30,Current employee,4 hour work week is great,"Mobile is in a rough spot right now, not a lot to do or planned",Bolt
Director of engineering,2.0,2022-12-02,"Current employee, less than 1 year",smart people fast culture 4 day work week,no direction clueless leadership business outlook is not good,Bolt
Customer success,5.0,2019-08-02,"Current employee, less than 1 year","Bolt is a well funded start up with a growing but established presence in the market and has a strong roadmap for successGreat technology and platform with strong value propositionTalented coworkers that are smart, driven, selfstarters but that are also extremely collaborative, openminded, and fun to work withFast paced, opportunities to contribute, make an impact, and see your ideas come to fruitionGreat benefits, culture, work environment","Things are changing, improving, evolving at a fast past. As a result, the processes can sometimes be difficult to stay on top of or navigate...on the flip side, this can be a rewarding challenge to work on your toes, adapt, find ways to improve, etc.The workload can become daunting if you aren't ready to work hard, work smart, and bring your A game. On occasion, your time in a customer facing role may be needed outside of a traditional 85 schedule, though this is seldom the case. This is an ecommerce business and people shop all hours of the day. If an issue comes up, you may be pulled in to assist. Comes with the territory.",Bolt
Technical recruiter,5.0,2021-08-27,Current employee,"There is a great company culture here at Bolt  a lot of this stems from our CEO, Ryan Breslow, and his progressive attitude towards hiring and keeping employees happy and productive  he's even gone so far as to carve out a playbook for other companies to followThere are a lot of opportunities for growth, ownership, and impact here at Bolt. We are a rapidly growing company that provides employees with autonomy and trust to do our jobs well. Leadership is amazing, coming from many large ecomm companies that bring years of relevant experience in the space and are always working to ensure that employees have the tools they need in order to be successful.Wins here are teamwide with support coming from all members of the company and constantly being shared on different slack channels.",None that I can think of so far. Right now with COVID we aren't doing inperson activities and a majority of employees are fully remote so I am definitely looking forward to meeting everyone in person at an allhands once COVID situation improves.,Bolt
Operations,5.0,2019-05-20,"Current employee, less than 1 year","The fast pace of decisionmaking, relatively flat structure and the hypergrowth of the company create a lot of opportunities for impact and exposure.  Management is highly responsive to feedback and a lot of decisions / accountability are delegated.  There has been a heavy investment in building out a culture that prioritizes writing over speaking to ensure all voices are heard and that we aren't held back by tribal knowledge.  Management values the team and pay, perks and career growth are all structured to ensure we are a highly competitive workplace.  The team is strong and many members bring with them experience from leading tech companies Google, Twitter, Facebook, Uber, AirBnB, etc, payments companies Adyen, Braintree, Worldpay, Marqeta, etc, consulting firms and universities Stanford, MIT, CMU, etc..","We have very ambitious goals and move at a quick pace so you need to be comfortable with ambiguity and uncertainty to succeed here.  Given the stage of the company, there is not a ton of formal training or onboarding so you need to be selfmotivated and proactive to get fully up to speed.",Bolt
Product marketing,5.0,2021-09-17,"Current employee, more than 1 year","Ryan Breslow is a phenomenal culture and tech leader. Bolt has the most transparent and progressive culture I've ever been a part of  conscious culture is a big movement and defines the way we work and interact. The organization is extremely focused and organized, we move FAST but there's nothing standing in the way of getting sht done, which is awesome. People are smart, humble, hard working and thoughtful; and our investors are super engaged and incredibly helpful across the board with just about everything: market research, message development, campaign designs, you name it. It's exciting coming to work every day and feeling inspired by team mates and the leadership. Ryan is a true mensch.",Absolutely no cons at the moment :,Bolt
Product marketing manager,2.0,2022-06-13,Former employee,"Nice, kind people who are authentic and hardworking","Definitely still a start up environment. For a company that’s supposed to be worth $11B it operates like a company worth a fraction of that. Roles aren’t clear, strategy isn’t clear, odd acquisitions with no plans for implementation. Long hours with leadership that has no idea where to take the company. The technology is nothing other worldly and it’s quite basic. You basically manage yourself and hope things work out.",Bolt
Support analyst,5.0,2022-02-27,"Current employee, more than 1 year","4 day work week  no really...they push for you to be completely offline on fridays..no meetings, no exaggerations! competitive pay and work from home incentivesthey really truly care about your mental healtheveryone is genuine and supportivemanagement always listens to and is open to changes / suggestions",the company is expanding at an unprecedented rate and we're changing processes and scaling for growth so it comes with your usual growing pains of trial and error but its all worth it!,Bolt
Vice president engineering,5.0,2021-09-09,"Current employee, less than 1 year", Everyone here is super smart. The talent caliber is really high Company is growing really fast. This brings its own set of challenges but it's good to have growth challenges than otherwise. People genuinely care about each other. Company cares about employee wellbeing a lot strong emphasis on diversity and inclusion. fast paced culture. You will learn a lot and you will build a lot., Bolt is going through some of the familiar challenges that a hyper growth company goes through.,Bolt
Marketing,5.0,2021-09-10,"Current employee, less than 1 year","Bolt's conscious culture is amazing and the company truly walks the talk. It empowers you to have a big impact when you're at work. And it enables you to truly take care of yourself when you're off. Plus, the company is super fastpaced unlike others who say they are but in reality, move slower than slow.","Not really a con but sometimes the fast pace means you'll get highpriority ad hoc projects send your way that need to be launched within 24 hours without prior notice. It can derail your day or week, but it also keeps your work fun and exciting.",Bolt
People operations,4.0,2020-02-10,"Current employee, less than 1 year",Bolt often deals in big problem and wants everyone to take them on. This means you'll grow your skill set while you're here and get up close and personal with the parts of the business that move the needle and make a big impact.,There isn't always a clear path to a promotion and hard work can take a while to get recognized. However Bolt does recognize great work.,Bolt
Engineer,5.0,2018-01-12,"Current employee, less than 1 year"," Great office atmosphere that is conducive to getting work done. Team and founders are focused on building an amazing product. Amazing talent; they only hire the best of the best. Great company culture no ego zone. Opportunity to take ownership of your area of interest. Great benefits meals, drinks, snacks, healthcare, team events, sports league, etc.","None that I can think of.  If you are looking to work at a start up with huge upside, you found it!",Bolt
Sales representative,1.0,2020-02-21,"Former employee, more than 1 year",There's a bunch of great benefits,"Bolt has a very set foundation when it comes to their values but THEY are not followed in salt lake. The managers in the sales org are toxic and have unrealistic goals. They don't reward top performers, they promote the people that fake everything. They do not appreciate you and will never treat you as a priority. This is one of those startups that's built to fail. It was good at first...now it's terrible. STAY AWAY from the BDR team",Bolt
Salesforce administrator,5.0,2020-01-23,"Current employee, less than 1 year","I just had an amazing interview and offer process from Bolt. Everyone is extremely passionate about the work and very excited to be there helping the company grow. I am so excited to start working with Bolt and all the wonderful people there.Everyone is also very vested in each other to really help everyone reach 10x their potential. The interview process was very good with treats, dogs and a wonderful atmosphere. Again I cannot wait to have my first day with Bolt.",Not available at this time.,Bolt
Enterprise account executive,5.0,2018-06-15,"Current employee, less than 1 year"," Amazing product that resonates with the target market An energetic, hardworking, and incredibly intelligent team Truly flat org where your input is not only listened to but acted upon Fast paced Did I mention our amazing team? Bolt is going to completely revolutionize payments. We aren't simply building the next new API to access oldschool payment infrastructure. We're changing the game.", Cons are hard to find. Some days the music is bad?,Bolt
Product manager,5.0,2021-09-13,"Current employee, less than 1 year","1. Fast moving company with deep running values which I love2. Every single person I have talked to is passionate about what they're doing at Bolt 3. Huge emphasis on team culture, supporting employees and helping everyone feel included4. Tons of opportunity to innovate and learn/grow on an individual level",The company is establishing new processes to allow sustainable growth which can take some getting used to,Bolt
Director,5.0,2021-09-10,"Current employee, less than 1 year","Ambitious mission that has plenty of room for growth Smart, capable people who are pretty nice A thoughtful approach to culture that genuinely stresses worklife balance and employee wellness Room for growth personally and professionally",It's a company going through hypergrowth and figuring out where processes can help to scale.,Bolt
Senior director revenue operations,5.0,2021-12-29,"Current employee, less than 1 year","Bolt is one of the best companies I've worked for yet. I feel very fortunate to work here. We move fast, we have fun, we genuinely care about each other, and we get stuff done. 5 stars all the way","With such a great product and high demand in the marketplace, coupled with explosive growth of the company it's hard to keep up with hiring needs.",Bolt
Strategic finance,5.0,2020-05-13,"Current employee, less than 1 year",Strong support; management willing to be flexible and listen to new opinions; datadriven strategy; room for internal development / advancement; wellpositioned to take advantage of macro ecommerce trends,Team is young and still developing expertise in certain areas; overindexed on G&A; long hours impact work/life balance,Bolt
Recruiting coordinator,5.0,2021-09-01,"Current employee, less than 1 year", Some of the best people you'll ever work with Leadership that prioritizes worklife balance and makes sure their employees aren't overworked Great benefits Emphasis on communication and transparency Clear values and objectives Camaraderie and teamwork are prioritized,"Like any startup, there's a certain amount of chaos to be expected",Bolt
Sales development representative (sdr),4.0,2021-05-18,"Former employee, more than 1 year","Great culture, great benefits, awesome workspace, incredible product, smart team, fastpaced, awesome worklife balance",Opportunities to for promotion and growth are limited. The company has a tendency to look outside of the organization for talent rather than looking inward to those who deserve a promotion. That said many positions seems to also be a deadend.,Bolt
It support specialist,5.0,2021-08-31,"Current employee, less than 1 year",Lots of chance to grow in new roles and currently roles.Managers are always willing to go out of their way to help you growCEO cares about work life balance and does his best to accommodate that,I have no cons atm,Bolt
Director sales,2.0,2022-06-15,"Former employee, less than 1 year","Cash, remote, always in the news!",Mentally insane Founder/Chairmen who Tweet storms “take downs” of respectable companies and individuals. Serious lack of business leadership.,Bolt
Sales engineer,2.0,2022-06-18,Former employee,4 day work week is fun,"It's more the idea of a company, something that makes a cool marketing campaign, than a company with a clear and cohesive strategy",Bolt
Director of enterprise sales,5.0,2021-10-18,"Current employee, more than 3 years",Awesome leadership and product. This company could be bigger than Afterpay.,Checkout is complex and integrations can be challenging. Not a suitable solution for SMBs.,Bolt
Fp&a analyst,5.0,2021-05-12,Current employee," Humble, topperforming team Hypergrowth business", No cons of note,Bolt
Security engineer,4.0,2022-05-28,"Current employee, less than 1 year",Really cool product. Loads of smart people.,Still unclear if leadership can drive results.,Bolt
Designer,5.0,2021-01-08,Former employee,Work environment fosters growth and learning.,None that come to mind,Bolt
Senior account executive,1.0,2022-09-01,Former employee,Work life balance: 4 day work weekAbout it.,Inflated valuationPoor managementBelow market salaryLayoffsPoor culture Minimal opportunity for progressionFaulty productDo not recommend,Bolt
Sde-2,4.0,2025-05-27,"Current employee, more than 1 year",Awesome product and have great things to learn,Lack of Product input makes things move harder,Bolt
Integration engineer,2.0,2024-07-17,"Former employee, less than 1 year","compensation, unlimited vacation, competitive salary",culture was not the best place to work,Bolt
Social media support specialist,4.0,2024-06-29,Current employee,Inclusion and innovation is largely encouraged.,BPO has taken over the support space.,Bolt
