Title,Price,Date
Fashion Men Pants Trousers Casual Pants Cargo Pants,721,2024-10-18
Fashion Men Pants Trousers Casual Pants Cargo Pants,721,2024-10-18
Fashion Men Pants Trousers Casual Pants Cargo Pants,721,2024-10-18
Fashion Men Pants Trousers Casual Pants Cargo Pants,721,2024-10-18
Fashion Men Pants Trousers Casual Pants Cargo Pants,721,2024-10-18
Fashion Men Pants Trousers Casual Pants Cargo Pants,721,2024-10-18
Fashion Men Pants Trousers Casual Pants Cargo Pants,721,2024-10-18
Fashion Men Pants Trousers Casual Pants Cargo Pants,721,2024-10-18
Fashion Men Pants Trousers Casual Pants Cargo Pants,721,2024-10-18
Fashion Men Pants Trousers Casual Pants Cargo Pants,721,2024-10-18
Fashion Men Pants Trousers Casual Pants Cargo Pants,721,2024-10-18
Fashion Men Pants Trousers Casual Pants Cargo Pants,721,2024-10-18
Fashion Men Pants Trousers Casual Pants Cargo Pants,721,2024-10-18
Fashion Men Pants Trousers Casual Pants Cargo Pants,721,2024-10-18
